{
    "default_threshold": {
        "accuracy": 0.7097560975609756,
        "precision": 0.8134328358208955,
        "recall": 0.5369458128078818,
        "f1": 0.6468842729970327,
        "auc": 0.8107850836486519,
        "pearson": 0.5233185291290283,
        "threshold": 0.5
    },
    "best_threshold": {
        "accuracy": 0.748780487804878,
        "precision": 0.7232142857142857,
        "recall": 0.7980295566502463,
        "f1": 0.7587822014051522,
        "auc": 0.8107850836486519,
        "pearson": 0.5233185291290283,
        "threshold": 0.29591836734693877
    }
}