{
    "default_threshold": {
        "accuracy": 0.738255033557047,
        "precision": 0.7976190476190477,
        "recall": 0.646562123039807,
        "f1": 0.7141905396402398,
        "auc": 0.8304576389819656,
        "pearson": 0.5711715221405029,
        "threshold": 0.5
    },
    "best_threshold": {
        "accuracy": 0.7449664429530202,
        "precision": 0.7156348373557188,
        "recall": 0.8226779252110977,
        "f1": 0.7654320987654321,
        "auc": 0.8304576389819656,
        "pearson": 0.5711715221405029,
        "threshold": 0.3448979591836735
    }
}